{
    "rouge1": 0.125081693236621,
    "rouge2": 0.07346657933571735,
    "rougeL": 0.09360507844265006
}